Time,V1,V2,V3,V4,V5,V6,V7,V8,V9,V10,V11,V12,V13,V14,V15,V16,V17,V18,V19,V20,V21,V22,V23,V24,V25,V26,V27,V28,Amount,Class
0,-1.359807134,-0.072781173,2.536346738,1.378155224,-0.338320770,0.462387778,0.239598554,0.098697901,0.363786970,0.090794172,-0.551599533,-0.617800856,-0.991389847,-0.311169354,1.468176972,-0.470400525,0.207971242,0.025790580,0.403992960,0.251412098,-0.018306778,0.277837576,-0.110473910,0.066928075,0.128539358,-0.189114844,0.133558377,-0.021053053,149.62,0
0,1.191857111,0.266150713,0.166480113,0.448154078,0.060017649,-0.082360809,-0.078802983,0.085101655,-0.255425128,-0.166974414,1.612726662,1.065235311,0.489095016,-0.143772296,0.635558093,0.463917042,-0.114804663,-0.183361270,-0.145783041,-0.069083135,-0.225775248,-0.638671953,0.101288021,-0.339846476,0.167170404,0.125894532,-0.008983099,0.014724169,2.69,0
1,-1.358354062,-1.340163075,1.773209343,0.379779593,-0.503198133,1.800499381,0.791460956,0.247675787,-1.514654323,0.207642865,0.624501459,0.066083685,0.717292731,-0.165945923,2.345864949,-2.890083194,1.109969379,-0.121359313,-2.261857095,0.524979725,0.247998153,0.771679402,0.909412262,-0.689280956,-0.327641834,-0.139096572,-0.055352794,-0.059751841,378.66,0
1,-0.966271712,-0.185226008,1.792993340,-0.863291275,-0.010308880,1.247203168,0.237608940,0.377435875,-1.387024062,-0.054951922,-0.226487264,0.178228225,0.507756869,-0.287923745,-0.631418118,-1.059647245,-0.684092786,1.965775003,-1.232621970,-0.208037781,-0.108300452,0.005273597,-0.190320519,-1.175575332,0.647376035,-0.221928844,0.062722849,0.061457629,123.50,0
2,-1.158233093,0.877736755,1.548717847,0.403033934,-0.407193377,0.095921462,0.592940745,-0.270532677,0.817739308,0.753074432,-0.822842878,0.538195550,1.345851593,-1.119669835,0.175121130,-0.451449182,-0.237033239,-0.038194787,0.803486925,0.408542360,-0.009430697,0.798278495,0.405147596,0.100598183,-0.333186378,0.083250103,0.219422230,0.215153147,69.99,0
3,1.229657635,0.141003507,0.045370774,1.202612737,0.191880989,0.272708123,-0.005159003,0.081212939,0.464959995,-0.099254321,-1.416907243,-0.153825826,-0.751062715,0.167371963,0.050143331,-0.443586798,0.002820512,-0.611987339,-0.045575045,-0.219632553,-0.167716266,-0.270709726,-0.154103787,-0.780055416,0.750136936,-0.257236846,0.034507430,0.005167769,4.99,0
406,-2.312226542,1.951992011,-1.609850732,3.997905588,-0.522187865,-1.426545319,-2.537387306,1.391657248,-2.770089277,-2.772272145,3.202033207,-2.899907388,-0.595221882,-4.289253782,0.389724120,-1.140747180,-2.830055675,-0.016822468,0.416955705,0.126910559,0.517232371,-0.035049369,-0.465211076,0.320198199,0.044519167,0.177839798,0.261145003,-0.143275875,0.00,1
472,-3.043540624,-3.157307120,1.088462780,2.288643618,1.359805130,-1.064822522,0.325574266,-0.067793653,-0.270952836,-0.838586565,-0.414575448,-0.503140860,0.676501545,-1.692028933,2.000634839,0.666779696,0.599717414,1.725321007,0.283344830,2.102338793,0.661695924,0.435477209,1.375965743,-0.293803153,0.279798032,-0.145361714,-0.252773123,0.035764225,529.00,1
6329,-4.617217414,1.695693469,-3.114372521,4.144847145,-1.873938692,-1.390639025,-3.690650839,0.743166501,-1.927359662,-3.049619358,3.299595889,-2.047077429,-1.109166189,-3.703713700,0.081566856,-1.127870592,-2.830055675,-0.016822468,0.416955705,0.126910559,0.517232371,-0.035049369,-0.465211076,0.320198199,0.044519167,0.177839798,0.261145003,-0.143275875,1.00,1
